date,time,location,noise_level,occupancy,open_seats
9/21/2026,9:00,1st Floor Sandella Cafe,56.5,0,9
9/21/2026,9:00,1st Floor Lobby Area,49.2,17,24
9/21/2026,9:00,1st Floor CS Study Lounge,54.2,5,41
9/21/2026,9:00,2nd Floor CS Study Lounge Collaborative,64.9,18,22
9/21/2026,9:00,2nd Floor CS Study Lounge Quiet,50.2,3,8
9/21/2026,9:00,4th Floor Study Lounge,47.5,4,10
9/21/2026,11:00,1st Floor Sandella Cafe,64.4,5,4
9/21/2026,11:00,1st Floor Lobby Area,55.7,26,13
9/21/2026,11:00,1st Floor CS Study Lounge,53.2,18,25
9/21/2026,11:00,2nd Floor CS Study Lounge Collaborative,53.4,23,18
9/21/2026,11:00,2nd Floor CS Study Lounge Quiet,46.2,7,4
9/21/2026,11:00,4th Floor Study Lounge,51.9,8,6
9/21/2026,12:00,1st Floor Sandella Cafe,61.5,6,3
9/21/2026,12:00,1st Floor Lobby Area,56.4,27,13
9/21/2026,12:00,1st Floor CS Study Lounge,55,13,28
9/21/2026,12:00,2nd Floor CS Study Lounge Collaborative,57.9,26,13
9/21/2026,12:00,2nd Floor CS Study Lounge Quiet,52.3,11,0
9/21/2026,12:00,4th Floor Study Lounge,53.6,7,7
9/21/2026,13:00,1st Floor Sandella Cafe,66.1,7,2
9/21/2026,13:00,1st Floor Lobby Area,52.1,32,9
9/21/2026,13:00,1st Floor CS Study Lounge,55.3,20,18
9/21/2026,13:00,2nd Floor CS Study Lounge Collaborative,58,24,15
9/21/2026,13:00,2nd Floor CS Study Lounge Quiet,51.9,11,0
9/21/2026,13:00,4th Floor Study Lounge,49.2,7,7
9/21/2026,14:00,1st Floor Sandella Cafe,63.5,6,3
9/21/2026,14:00,1st Floor Lobby Area,54.5,33,8
9/21/2026,14:00,1st Floor CS Study Lounge,54.7,10,31
9/21/2026,14:00,2nd Floor CS Study Lounge Collaborative,54,21,18
9/21/2026,14:00,2nd Floor CS Study Lounge Quiet,47.2,9,2
9/21/2026,14:00,4th Floor Study Lounge,59.3,10,4
9/21/2026,15:00,1st Floor Sandella Cafe,63.9,6,3
9/21/2026,15:00,1st Floor Lobby Area,49.2,24,16
9/21/2026,15:00,1st Floor CS Study Lounge,52,9,31
9/21/2026,15:00,2nd Floor CS Study Lounge Collaborative,62.5,27,14
9/21/2026,15:00,2nd Floor CS Study Lounge Quiet,54.5,8,3
9/21/2026,15:00,4th Floor Study Lounge,51.9,7,7
9/21/2026,16:00,1st Floor Sandella Cafe,58.5,7,2
9/21/2026,16:00,1st Floor Lobby Area,52.1,21,19
9/21/2026,16:00,1st Floor CS Study Lounge,53.7,36,5
9/21/2026,16:00,2nd Floor CS Study Lounge Collaborative,50.7,13,27
9/21/2026,16:00,2nd Floor CS Study Lounge Quiet,48,6,5
9/21/2026,16:00,4th Floor Study Lounge,48.2,4,10
9/21/2026,17:00,1st Floor Sandella Cafe,53.4,0,9
9/21/2026,17:00,1st Floor Lobby Area,53.9,14,27
9/21/2026,17:00,1st Floor CS Study Lounge,50.8,5,37
9/21/2026,17:00,2nd Floor CS Study Lounge Collaborative,60.3,17,23
9/21/2026,17:00,2nd Floor CS Study Lounge Quiet,45,5,6
9/21/2026,17:00,4th Floor Study Lounge,50.3,5,9
9/21/2026,18:00,1st Floor Sandella Cafe,53.1,0,9
9/21/2026,18:00,1st Floor Lobby Area,49.8,2,38
9/21/2026,18:00,1st Floor CS Study Lounge,52.8,6,36
9/21/2026,18:00,2nd Floor CS Study Lounge Collaborative,56.2,9,32
9/21/2026,18:00,2nd Floor CS Study Lounge Quiet,46.7,3,8
9/21/2026,18:00,4th Floor Study Lounge,52.5,4,10
9/22/2026,9:00,1st Floor Sandella Cafe,51.5,17,21
9/22/2026,9:00,1st Floor Lobby Area,59.5,5,4
9/22/2026,9:00,1st Floor CS Study Lounge,53.7,4,38
9/22/2026,9:00,2nd Floor CS Study Lounge Collaborative,52.5,9,32
9/22/2026,9:00,2nd Floor CS Study Lounge Quiet,58.1,1,10
9/22/2026,9:00,4th Floor Study Lounge,51.7,6,8
9/22/2026,11:00,1st Floor Sandella Cafe,64,6,3
9/22/2026,11:00,1st Floor Lobby Area,55.6,23,18
9/22/2026,11:00,1st Floor CS Study Lounge,53.8,12,30
9/22/2026,11:00,2nd Floor CS Study Lounge Collaborative,58.9,24,17
9/22/2026,11:00,2nd Floor CS Study Lounge Quiet,52.2,11,0
9/22/2026,11:00,4th Floor Study Lounge,52.5,7,7
9/22/2026,12:00,1st Floor Sandella Cafe,69.5,6,3
9/22/2026,12:00,1st Floor Lobby Area,57.4,25,15
9/22/2026,12:00,1st Floor CS Study Lounge,57.4,17,24
9/22/2026,12:00,2nd Floor CS Study Lounge Collaborative,57.3,25,16
9/22/2026,12:00,2nd Floor CS Study Lounge Quiet,53.6,9,2
9/22/2026,12:00,4th Floor Study Lounge,55.6,8,6
9/22/2026,13:00,1st Floor Sandella Cafe,64.4,7,2
9/22/2026,13:00,1st Floor Lobby Area,50.1,27,13
9/22/2026,13:00,1st Floor CS Study Lounge,54.5,16,23
9/22/2026,13:00,2nd Floor CS Study Lounge Collaborative,54,33,8
9/22/2026,13:00,2nd Floor CS Study Lounge Quiet,56.9,11,0
9/22/2026,13:00,4th Floor Study Lounge,53.2,10,4
9/22/2026,14:00,1st Floor Sandella Cafe,60.8,9,2
9/22/2026,14:00,1st Floor Lobby Area,49.6,24,16
9/22/2026,14:00,1st Floor CS Study Lounge,54.4,12,29
9/22/2026,14:00,2nd Floor CS Study Lounge Collaborative,53.9,27,13
9/22/2026,14:00,2nd Floor CS Study Lounge Quiet,51.3,10,1
9/22/2026,14:00,4th Floor Study Lounge,56.7,8,6
9/22/2026,15:00,1st Floor Sandella Cafe,57.4,6,3
9/22/2026,15:00,1st Floor Lobby Area,51.6,27,13
9/22/2026,15:00,1st Floor CS Study Lounge,61.2,19,21
9/22/2026,15:00,2nd Floor CS Study Lounge Collaborative,64.1,32,9
9/22/2026,15:00,2nd Floor CS Study Lounge Quiet,58.7,10,1
9/22/2026,15:00,4th Floor Study Lounge,49.2,8,6
9/22/2026,16:00,1st Floor Sandella Cafe,56.5,4,5
9/22/2026,16:00,1st Floor Lobby Area,50.9,29,15
9/22/2026,16:00,1st Floor CS Study Lounge,54.7,15,32
9/22/2026,16:00,2nd Floor CS Study Lounge Collaborative,58.7,27,15
9/22/2026,16:00,2nd Floor CS Study Lounge Quiet,54.1,10,1
9/22/2026,16:00,4th Floor Study Lounge,49.4,7,7
9/22/2026,17:00,1st Floor Sandella Cafe,56.9,2,7
9/22/2026,17:00,1st Floor Lobby Area,53.9,20,20
9/22/2026,17:00,1st Floor CS Study Lounge,58.2,11,36
9/22/2026,17:00,2nd Floor CS Study Lounge Collaborative,53.4,21,20
9/22/2026,17:00,2nd Floor CS Study Lounge Quiet,49.4,10,1
9/22/2026,17:00,4th Floor Study Lounge,52.7,8,6
9/22/2026,18:00,1st Floor Sandella Cafe,53.3,0,9
9/22/2026,18:00,1st Floor Lobby Area,50.7,16,24
9/22/2026,18:00,1st Floor CS Study Lounge,55.1,1,42
9/22/2026,18:00,2nd Floor CS Study Lounge Collaborative,48.8,8,34
9/22/2026,18:00,2nd Floor CS Study Lounge Quiet,48.2,3,8
9/22/2026,18:00,4th Floor Study Lounge,47.6,3,11
9/23/2026,9:00,1st Floor Sandella Cafe,56.1,2,9
9/23/2026,9:00,1st Floor Lobby Area,48.1,19,20
9/23/2026,9:00,1st Floor CS Study Lounge,54.5,7,34
9/23/2026,9:00,2nd Floor CS Study Lounge Collaborative,47,14,27
9/23/2026,9:00,2nd Floor CS Study Lounge Quiet,46.7,1,10
9/23/2026,9:00,4th Floor Study Lounge,47.6,3,11
9/23/2026,11:00,1st Floor Sandella Cafe,62.6,5,4
9/23/2026,11:00,1st Floor Lobby Area,52.9,28,12
9/23/2026,11:00,1st Floor CS Study Lounge,61.5,11,30
9/23/2026,11:00,2nd Floor CS Study Lounge Collaborative,51.7,24,37
9/23/2026,11:00,2nd Floor CS Study Lounge Quiet,48.4,7,4
9/23/2026,11:00,4th Floor Study Lounge,53.2,8,6
9/23/2026,12:00,1st Floor Sandella Cafe,62.1,7,2
9/23/2026,12:00,1st Floor Lobby Area,55.2,29,13
9/23/2026,12:00,1st Floor CS Study Lounge,55.2,20,21
9/23/2026,12:00,2nd Floor CS Study Lounge Collaborative,52.1,25,17
9/23/2026,12:00,2nd Floor CS Study Lounge Quiet,48.8,11,0
9/23/2026,12:00,4th Floor Study Lounge,56.9,10,4
9/23/2026,13:00,1st Floor Sandella Cafe,61.5,6,3
9/23/2026,13:00,1st Floor Lobby Area,56.8,31,10
9/23/2026,13:00,1st Floor CS Study Lounge,53.5,17,24
9/23/2026,13:00,2nd Floor CS Study Lounge Collaborative,59.2,25,18
9/23/2026,13:00,2nd Floor CS Study Lounge Quiet,51,10,1
9/23/2026,13:00,4th Floor Study Lounge,52.5,5,9
9/23/2026,14:00,1st Floor Sandella Cafe,59.6,7,2
9/23/2026,14:00,1st Floor Lobby Area,55.1,30,13
9/23/2026,14:00,1st Floor CS Study Lounge,54.7,16,25
9/23/2026,14:00,2nd Floor CS Study Lounge Collaborative,57.2,28,20
9/23/2026,14:00,2nd Floor CS Study Lounge Quiet,45.5,9,2
9/23/2026,14:00,4th Floor Study Lounge,53.5,8,6
9/23/2026,15:00,1st Floor Sandella Cafe,62,2,9
9/23/2026,15:00,1st Floor Lobby Area,52.8,29,11
9/23/2026,15:00,1st Floor CS Study Lounge,54,12,29
9/23/2026,15:00,2nd Floor CS Study Lounge Collaborative,57.3,29,11
9/23/2026,15:00,2nd Floor CS Study Lounge Quiet,47.3,11,0
9/23/2026,15:00,4th Floor Study Lounge,52.7,3,11
9/23/2026,16:00,1st Floor Sandella Cafe,63.6,1,8
9/23/2026,16:00,1st Floor Lobby Area,52.3,22,19
9/23/2026,16:00,1st Floor CS Study Lounge,54.5,12,28
9/23/2026,16:00,2nd Floor CS Study Lounge Collaborative,51.8,14,27
9/23/2026,16:00,2nd Floor CS Study Lounge Quiet,43.8,5,6
9/23/2026,16:00,4th Floor Study Lounge,48.9,6,8
9/23/2026,17:00,1st Floor Sandella Cafe,53.9,2,7
9/23/2026,17:00,1st Floor Lobby Area,61.8,24,20
9/23/2026,17:00,1st Floor CS Study Lounge,63.1,18,30
9/23/2026,17:00,2nd Floor CS Study Lounge Collaborative,59.5,16,25
9/23/2026,17:00,2nd Floor CS Study Lounge Quiet,50,3,8
9/23/2026,17:00,4th Floor Study Lounge,59.2,5,9
9/23/2026,18:00,1st Floor Sandella Cafe,56.2,2,7
9/23/2026,18:00,1st Floor Lobby Area,53.4,14,26
9/23/2026,18:00,1st Floor CS Study Lounge,,,
9/23/2026,18:00,2nd Floor CS Study Lounge Collaborative,49,12,29
9/23/2026,18:00,2nd Floor CS Study Lounge Quiet,46.4,1,10
9/23/2026,18:00,4th Floor Study Lounge,47.6,1,13
9/24/2026,9:00,1st Floor Sandella Cafe,59.2,0,10
9/24/2026,9:00,1st Floor Lobby Area,53.1,14,26
9/24/2026,9:00,1st Floor CS Study Lounge,56.2,5,37
9/24/2026,9:00,2nd Floor CS Study Lounge Collaborative,51,3,38
9/24/2026,9:00,2nd Floor CS Study Lounge Quiet,43.8,2,9
9/24/2026,9:00,4th Floor Study Lounge,51.3,3,11
9/24/2026,11:00,1st Floor Sandella Cafe,59.4,2,8
9/24/2026,11:00,1st Floor Lobby Area,56.4,25,14
9/24/2026,11:00,1st Floor CS Study Lounge,57.3,10,33
9/24/2026,11:00,2nd Floor CS Study Lounge Collaborative,60.4,17,25
9/24/2026,11:00,2nd Floor CS Study Lounge Quiet,50.2,7,4
9/24/2026,11:00,4th Floor Study Lounge,57.7,8,6
9/24/2026,12:00,1st Floor Sandella Cafe,60.7,5,4
9/24/2026,12:00,1st Floor Lobby Area,55.6,25,15
9/24/2026,12:00,1st Floor CS Study Lounge,55,17,23
9/24/2026,12:00,2nd Floor CS Study Lounge Collaborative,48.2,20,19
9/24/2026,12:00,2nd Floor CS Study Lounge Quiet,47.5,8,3
9/24/2026,12:00,4th Floor Study Lounge,54.4,7,6
9/24/2026,13:00,1st Floor Sandella Cafe,61,4,5
9/24/2026,13:00,1st Floor Lobby Area,53.4,26,15
9/24/2026,13:00,1st Floor CS Study Lounge,63.4,19,22
9/24/2026,13:00,2nd Floor CS Study Lounge Collaborative,51.4,18,20
9/24/2026,13:00,2nd Floor CS Study Lounge Quiet,44.5,10,1
9/24/2026,13:00,4th Floor Study Lounge,51.4,8,6
9/24/2026,14:00,1st Floor Sandella Cafe,53.3,3,6
9/24/2026,14:00,1st Floor Lobby Area,50.3,23,17
9/24/2026,14:00,1st Floor CS Study Lounge,53.9,7,34
9/24/2026,14:00,2nd Floor CS Study Lounge Collaborative,52.2,20,20
9/24/2026,14:00,2nd Floor CS Study Lounge Quiet,48.9,10,1
9/24/2026,14:00,4th Floor Study Lounge,50.5,8,6
9/24/2026,15:00,1st Floor Sandella Cafe,61.7,4,7
9/24/2026,15:00,1st Floor Lobby Area,62.6,31,10
9/24/2026,15:00,1st Floor CS Study Lounge,58.6,15,26
9/24/2026,15:00,2nd Floor CS Study Lounge Collaborative,60.2,25,15
9/24/2026,15:00,2nd Floor CS Study Lounge Quiet,59.5,10,1
9/24/2026,15:00,4th Floor Study Lounge,51.8,7,6
9/24/2026,16:00,1st Floor Sandella Cafe,56.5,1,10
9/24/2026,16:00,1st Floor Lobby Area,53.6,19,22
9/24/2026,16:00,1st Floor CS Study Lounge,55.2,8,33
9/24/2026,16:00,2nd Floor CS Study Lounge Collaborative,50.4,13,27
9/24/2026,16:00,2nd Floor CS Study Lounge Quiet,55.6,5,6
9/24/2026,16:00,4th Floor Study Lounge,48.9,6,8
9/24/2026,17:00,1st Floor Sandella Cafe,55.5,2,9
9/24/2026,17:00,1st Floor Lobby Area,59.1,17,24
9/24/2026,17:00,1st Floor CS Study Lounge,55.5,5,36
9/24/2026,17:00,2nd Floor CS Study Lounge Collaborative,58.8,13,27
9/24/2026,17:00,2nd Floor CS Study Lounge Quiet,50.4,3,8
9/24/2026,17:00,4th Floor Study Lounge,53.9,4,10
9/24/2026,18:00,1st Floor Sandella Cafe,52.7,1,8
9/24/2026,18:00,1st Floor Lobby Area,54.1,10,30
9/24/2026,18:00,1st Floor CS Study Lounge,59.1,2,40
9/24/2026,18:00,2nd Floor CS Study Lounge Collaborative,53.8,6,34
9/24/2026,18:00,2nd Floor CS Study Lounge Quiet,42.2,4,7
9/24/2026,18:00,4th Floor Study Lounge,54.9,3,12
9/25/2026,9:00,1st Floor Sandella Cafe,55.7,2,7
9/25/2026,9:00,1st Floor Lobby Area,49.4,20,21
9/25/2026,9:00,1st Floor CS Study Lounge,53.5,7,34
9/25/2026,9:00,2nd Floor CS Study Lounge Collaborative,44,3,38
9/25/2026,9:00,2nd Floor CS Study Lounge Quiet,41.5,1,10
9/25/2026,9:00,4th Floor Study Lounge,52.4,4,10
9/25/2026,11:00,1st Floor Sandella Cafe,58.3,3,6
9/25/2026,11:00,1st Floor Lobby Area,57.7,23,19
9/25/2026,11:00,1st Floor CS Study Lounge,53.8,10,30
9/25/2026,11:00,2nd Floor CS Study Lounge Collaborative,51.2,13,24
9/25/2026,11:00,2nd Floor CS Study Lounge Quiet,48.8,7,4
9/25/2026,11:00,4th Floor Study Lounge,51,4,10
9/25/2026,12:00,1st Floor Sandella Cafe,59.5,5,4
9/25/2026,12:00,1st Floor Lobby Area,60.2,26,13
9/25/2026,12:00,1st Floor CS Study Lounge,58.8,12,30
9/25/2026,12:00,2nd Floor CS Study Lounge Collaborative,55.2,19,21
9/25/2026,12:00,2nd Floor CS Study Lounge Quiet,47.8,8,3
9/25/2026,12:00,4th Floor Study Lounge,56.8,8,6
9/25/2026,13:00,1st Floor Sandella Cafe,58.4,5,4
9/25/2026,13:00,1st Floor Lobby Area,51.2,24,16
9/25/2026,13:00,1st Floor CS Study Lounge,56.8,9,32
9/25/2026,13:00,2nd Floor CS Study Lounge Collaborative,47,16,24
9/25/2026,13:00,2nd Floor CS Study Lounge Quiet,50.2,9,2
9/25/2026,13:00,4th Floor Study Lounge,52.8,8,6
9/25/2026,14:00,1st Floor Sandella Cafe,58,0,9
9/25/2026,14:00,1st Floor Lobby Area,54.7,25,13
9/25/2026,14:00,1st Floor CS Study Lounge,53.6,8,33
9/25/2026,14:00,2nd Floor CS Study Lounge Collaborative,60.9,14,26
9/25/2026,14:00,2nd Floor CS Study Lounge Quiet,51.2,10,1
9/25/2026,14:00,4th Floor Study Lounge,51.1,9,5
9/25/2026,15:00,1st Floor Sandella Cafe,57.8,1,8
9/25/2026,15:00,1st Floor Lobby Area,53.5,27,14
9/25/2026,15:00,1st Floor CS Study Lounge,54,9,32
9/25/2026,15:00,2nd Floor CS Study Lounge Collaborative,52.2,14,27
9/25/2026,15:00,2nd Floor CS Study Lounge Quiet,50.7,1,10
9/25/2026,15:00,4th Floor Study Lounge,55.7,5,9
9/25/2026,16:00,1st Floor Sandella Cafe,58,1,8
9/25/2026,16:00,1st Floor Lobby Area,56.6,22,21
9/25/2026,16:00,1st Floor CS Study Lounge,53.6,7,34
9/25/2026,16:00,2nd Floor CS Study Lounge Collaborative,45.4,10,31
9/25/2026,16:00,2nd Floor CS Study Lounge Quiet,45,0,11
9/25/2026,16:00,4th Floor Study Lounge,55.8,3,11
9/25/2026,17:00,1st Floor Sandella Cafe,56.2,0,9
9/25/2026,17:00,1st Floor Lobby Area,50.9,12,29
9/25/2026,17:00,1st Floor CS Study Lounge,,,
9/25/2026,17:00,2nd Floor CS Study Lounge Collaborative,50.3,13,28
9/25/2026,17:00,2nd Floor CS Study Lounge Quiet,45.2,1,10
9/25/2026,17:00,4th Floor Study Lounge,54.8,5,9
9/25/2026,18:00,1st Floor Sandella Cafe,56.8,1,8
9/25/2026,18:00,1st Floor Lobby Area,53.3,7,36
9/25/2026,18:00,1st Floor CS Study Lounge,54.3,1,43
9/25/2026,18:00,2nd Floor CS Study Lounge Collaborative,47.2,12,1129
9/25/2026,18:00,2nd Floor CS Study Lounge Quiet,45.8,0,11
9/25/2026,18:00,4th Floor Study Lounge,52,3,11
9/28/2026,9:00,1st Floor Sandella Cafe,54.4,0,9
9/28/2026,9:00,1st Floor Lobby Area,50.4,21,17
9/28/2026,9:00,1st Floor CS Study Lounge,53.4,4,37
9/28/2026,9:00,2nd Floor CS Study Lounge Collaborative,61.6,15,26
9/28/2026,9:00,2nd Floor CS Study Lounge Quiet,47.2,5,6
9/28/2026,9:00,4th Floor Study Lounge,48,5,9
9/28/2026,11:00,1st Floor Sandella Cafe,59.1,8,1
9/28/2026,11:00,1st Floor Lobby Area,54.2,26,14
9/28/2026,11:00,1st Floor CS Study Lounge,54.8,16,26
9/28/2026,11:00,2nd Floor CS Study Lounge Collaborative,53.9,25,18
9/28/2026,11:00,2nd Floor CS Study Lounge Quiet,48.3,7,4
9/28/2026,11:00,4th Floor Study Lounge,53.5,6,8
9/28/2026,13:00,1st Floor Sandella Cafe,62.1,8,1
9/28/2026,13:00,1st Floor Lobby Area,55.4,24,15
9/28/2026,13:00,1st Floor CS Study Lounge,54.6,21,19
9/28/2026,13:00,2nd Floor CS Study Lounge Collaborative,55.9,24,16
9/28/2026,13:00,2nd Floor CS Study Lounge Quiet,50.3,8,3
9/28/2026,13:00,4th Floor Study Lounge,55.1,8,4
9/28/2026,15:00,1st Floor Sandella Cafe,59.2,6,3
9/28/2026,15:00,1st Floor Lobby Area,56.4,30,10
9/28/2026,15:00,1st Floor CS Study Lounge,57.6,14,26
9/28/2026,15:00,2nd Floor CS Study Lounge Collaborative,52.9,16,24
9/28/2026,15:00,2nd Floor CS Study Lounge Quiet,49,10,1
9/28/2026,15:00,4th Floor Study Lounge,51.2,5,9
9/28/2026,17:00,1st Floor Sandella Cafe,51.2,0,9
9/28/2026,17:00,1st Floor Lobby Area,48.3,3,37
9/28/2026,17:00,1st Floor CS Study Lounge,50.4,2,40
9/28/2026,17:00,2nd Floor CS Study Lounge Collaborative,54.3,5,36
9/28/2026,17:00,2nd Floor CS Study Lounge Quiet,44.5,0,11
9/28/2026,17:00,4th Floor Study Lounge,50.3,1,13
9/29/2026,9:00,1st Floor Sandella Cafe,55.3,4,5
9/29/2026,9:00,1st Floor Lobby Area,52.5,22,20
9/29/2026,9:00,1st Floor CS Study Lounge,53.2,5,37
9/29/2026,9:00,2nd Floor CS Study Lounge Collaborative,60.3,15,25
9/29/2026,9:00,2nd Floor CS Study Lounge Quiet,52.5,5,7
9/29/2026,9:00,4th Floor Study Lounge,48.6,4,10
9/29/2026,11:00,1st Floor Sandella Cafe,62,8,1
9/29/2026,11:00,1st Floor Lobby Area,49.7,22,20
9/29/2026,11:00,1st Floor CS Study Lounge,53.8,14,28
9/29/2026,11:00,2nd Floor CS Study Lounge Collaborative,53.4,17,23
9/29/2026,11:00,2nd Floor CS Study Lounge Quiet,43.5,11,0
9/29/2026,11:00,4th Floor Study Lounge,50,11,3
9/29/2026,13:00,1st Floor Sandella Cafe,61.4,4,5
9/29/2026,13:00,1st Floor Lobby Area,56,30,10
9/29/2026,13:00,1st Floor CS Study Lounge,54.6,14,27
9/29/2026,13:00,2nd Floor CS Study Lounge Collaborative,49.8,23,18
9/29/2026,13:00,2nd Floor CS Study Lounge Quiet,43.4,11,0
9/29/2026,13:00,4th Floor Study Lounge,53.4,9,5
9/29/2026,15:00,1st Floor Sandella Cafe,66.1,6,3
9/29/2026,15:00,1st Floor Lobby Area,60.4,33,7
9/29/2026,15:00,1st Floor CS Study Lounge,62.6,13,27
9/29/2026,15:00,2nd Floor CS Study Lounge Collaborative,62.7,21,20
9/29/2026,15:00,2nd Floor CS Study Lounge Quiet,58.2,9,2
9/29/2026,15:00,4th Floor Study Lounge,68.3,8,6
9/29/2026,17:00,1st Floor Sandella Cafe,67,7,2
9/29/2026,17:00,1st Floor Lobby Area,61.2,20,20
9/29/2026,17:00,1st Floor CS Study Lounge,63.3,19,21
9/29/2026,17:00,2nd Floor CS Study Lounge Collaborative,65.2,16,25
9/29/2026,17:00,2nd Floor CS Study Lounge Quiet,59.2,1,10
9/29/2026,17:00,4th Floor Study Lounge,68.3,5,9
9/30/2026,9:00,1st Floor Sandella Cafe,53.6,2,7
9/30/2026,9:00,1st Floor Lobby Area,50.5,20,19
9/30/2026,9:00,1st Floor CS Study Lounge,57.1,11,30
9/30/2026,9:00,2nd Floor CS Study Lounge Collaborative,47.3,20,18
9/30/2026,9:00,2nd Floor CS Study Lounge Quiet,38.6,4,7
9/30/2026,9:00,4th Floor Study Lounge,48,3,9
9/30/2026,11:00,1st Floor Sandella Cafe,57.5,7,1
9/30/2026,11:00,1st Floor Lobby Area,64.3,30,13
9/30/2026,11:00,1st Floor CS Study Lounge,59.9,15,26
9/30/2026,11:00,2nd Floor CS Study Lounge Collaborative,57.9,20,18
9/30/2026,11:00,2nd Floor CS Study Lounge Quiet,50.2,9,2
9/30/2026,11:00,4th Floor Study Lounge,55,6,8
9/30/2026,13:00,1st Floor Sandella Cafe,64.6,9,0
9/30/2026,13:00,1st Floor Lobby Area,59.6,27,19
9/30/2026,13:00,1st Floor CS Study Lounge,57.5,26,15
9/30/2026,13:00,2nd Floor CS Study Lounge Collaborative,49.8,27,11
9/30/2026,13:00,2nd Floor CS Study Lounge Quiet,51.4,10,1
9/30/2026,13:00,4th Floor Study Lounge,52.1,8,6
9/30/2026,15:00,1st Floor Sandella Cafe,57.7,4,4
9/30/2026,15:00,1st Floor Lobby Area,53.4,28,18
9/30/2026,15:00,1st Floor CS Study Lounge,55.6,13,28
9/30/2026,15:00,2nd Floor CS Study Lounge Collaborative,50.5,23,15
9/30/2026,15:00,2nd Floor CS Study Lounge Quiet,40.4,10,1
9/30/2026,15:00,4th Floor Study Lounge,51.2,8,6
9/30/2026,17:00,1st Floor Sandella Cafe,53.3,0,9
9/30/2026,17:00,1st Floor Lobby Area,52.4,20,21
9/30/2026,17:00,1st Floor CS Study Lounge,,,
9/30/2026,17:00,2nd Floor CS Study Lounge Collaborative,59.2,21,20
9/30/2026,17:00,2nd Floor CS Study Lounge Quiet,54,4,7
9/30/2026,17:00,4th Floor Study Lounge,55.8,6,8
10/1/2026,9:00,1st Floor Sandella Cafe,55.3,2,7
10/1/2026,9:00,1st Floor Lobby Area,53.4,18,20
10/1/2026,9:00,1st Floor CS Study Lounge,55.2,0,42
10/1/2026,9:00,2nd Floor CS Study Lounge Collaborative,44.7,9,31
10/1/2026,9:00,2nd Floor CS Study Lounge Quiet,44.1,2,9
10/1/2026,9:00,4th Floor Study Lounge,47.8,5,10
10/1/2026,11:00,1st Floor Sandella Cafe,56.4,7,2
10/1/2026,11:00,1st Floor Lobby Area,53.3,25,13
10/1/2026,11:00,1st Floor CS Study Lounge,54.9,6,36
10/1/2026,11:00,2nd Floor CS Study Lounge Collaborative,49.2,16,24
10/1/2026,11:00,2nd Floor CS Study Lounge Quiet,48.2,6,5
10/1/2026,11:00,4th Floor Study Lounge,52.2,3,12
10/1/2026,13:00,1st Floor Sandella Cafe,57.7,8,1
10/1/2026,13:00,1st Floor Lobby Area,55.6,27,12
10/1/2026,13:00,1st Floor CS Study Lounge,56.5,16,24
10/1/2026,13:00,2nd Floor CS Study Lounge Collaborative,55.1,18,22
10/1/2026,13:00,2nd Floor CS Study Lounge Quiet,49.4,10,1
10/1/2026,13:00,4th Floor Study Lounge,53.8,5,9
10/1/2026,15:00,1st Floor Sandella Cafe,58.1,4,5
10/1/2026,15:00,1st Floor Lobby Area,53.4,30,12
10/1/2026,15:00,1st Floor CS Study Lounge,60.6,17,23
10/1/2026,15:00,2nd Floor CS Study Lounge Collaborative,57.3,25,21
10/1/2026,15:00,2nd Floor CS Study Lounge Quiet,47.7,11,0
10/1/2026,15:00,4th Floor Study Lounge,57.5,8,7
10/1/2026,17:00,1st Floor Sandella Cafe,52.3,0,9
10/1/2026,17:00,1st Floor Lobby Area,54.3,14,26
10/1/2026,17:00,1st Floor CS Study Lounge,55.4,3,38
10/1/2026,17:00,2nd Floor CS Study Lounge Collaborative,55.6,15,26
10/1/2026,17:00,2nd Floor CS Study Lounge Quiet,54.5,1,10
10/1/2026,17:00,4th Floor Study Lounge,54.8,2,13
10/2/2026,9:00,1st Floor Sandella Cafe,60.1,1,8
10/2/2026,9:00,1st Floor Lobby Area,52.3,18,24
10/2/2026,9:00,1st Floor CS Study Lounge,53.8,7,34
10/2/2026,9:00,2nd Floor CS Study Lounge Collaborative,49.8,6,33
10/2/2026,9:00,2nd Floor CS Study Lounge Quiet,41.3,4,7
10/2/2026,9:00,4th Floor Study Lounge,45.8,2,13
10/2/2026,11:00,1st Floor Sandella Cafe,57.6,4,4
10/2/2026,11:00,1st Floor Lobby Area,56.2,28,17
10/2/2026,11:00,1st Floor CS Study Lounge,55,9,33
10/2/2026,11:00,2nd Floor CS Study Lounge Collaborative,54.8,18,21
10/2/2026,11:00,2nd Floor CS Study Lounge Quiet,54.4,8,3
10/2/2026,11:00,4th Floor Study Lounge,55.6,5,9
10/2/2026,13:00,1st Floor Sandella Cafe,60.2,5,3
10/2/2026,13:00,1st Floor Lobby Area,54.8,29,14
10/2/2026,13:00,1st Floor CS Study Lounge,56.3,12,30
10/2/2026,13:00,2nd Floor CS Study Lounge Collaborative,53.1,20,19
10/2/2026,13:00,2nd Floor CS Study Lounge Quiet,49.7,9,2
10/2/2026,13:00,4th Floor Study Lounge,53.4,7,7
10/2/2026,15:00,1st Floor Sandella Cafe,58.7,2,7
10/2/2026,15:00,1st Floor Lobby Area,52.9,27,14
10/2/2026,15:00,1st Floor CS Study Lounge,54.6,10,32
10/2/2026,15:00,2nd Floor CS Study Lounge Collaborative,51.8,16,23
10/2/2026,15:00,2nd Floor CS Study Lounge Quiet,48.5,4,7
10/2/2026,15:00,4th Floor Study Lounge,54.2,5,9
10/2/2026,17:00,1st Floor Sandella Cafe,55.4,1,8
10/2/2026,17:00,1st Floor Lobby Area,51.6,11,30
10/2/2026,17:00,1st Floor CS Study Lounge,53.2,2,40
10/2/2026,17:00,2nd Floor CS Study Lounge Collaborative,50.1,14,26
10/2/2026,17:00,2nd Floor CS Study Lounge Quiet,44.8,1,10
10/2/2026,17:00,4th Floor Study Lounge,51.7,3,11