date,time,weather_temperature,weather_condition
09/21/2026,9:00,60,Rainy
09/21/2026,11:00,62,Partly cloudy
09/21/2026,12:00,63,Partly cloudy
09/21/2026,13:00,64,Partly cloudy
09/21/2026,14:00,63,Sunny
09/21/2026,15:00,65,Sunny
09/21/2026,16:00,64,Sunny
09/21/2026,17:00,64,Sunny
09/21/2026,18:00,64,Sunny
09/22/2026,9:00,59,Sunny
09/22/2026,11:00,59,Cloudy
09/22/2026,12:00,61,Cloudy
09/22/2026,13:00,61,Cloudy
09/22/2026,14:00,63,Cloudy
09/22/2026,15:00,63,Cloudy
09/22/2026,16:00,63,Cloudy
09/22/2026,17:00,63,Sunny
09/22/2026,18:00,64,Cloudy
09/23/2026,9:00,60,Partly cloudy
09/23/2026,11:00,62,Partly cloudy
09/23/2026,12:00,65,Cloudy
09/23/2026,13:00,67,Cloudy
09/23/2026,14:00,64,Cloudy
09/23/2026,15:00,64,Cloudy
09/23/2026,16:00,65,Cloudy
09/23/2026,17:00,65,Cloudy
09/23/2026,18:00,63,Cloudy
09/24/2026,9:00,62,Cloudy
09/24/2026,11:00,63,Cloudy
09/24/2026,12:00,67,Sunny
09/24/2026,13:00,68,Sunny
09/24/2026,14:00,68,Sunny
09/24/2026,15:00,68,Sunny
09/24/2026,16:00,68,Sunny
09/24/2026,17:00,68,Partly cloudy
09/24/2026,18:00,66,Cloudy
09/25/2026,9:00,60,Cloudy
09/25/2026,11:00,61,Cloudy
09/25/2026,12:00,66,Cloudy
09/25/2026,13:00,64,Partly cloudy
09/25/2026,14:00,65,Cloudy
09/25/2026,15:00,65,Cloudy
09/25/2026,16:00,64,Cloudy
09/25/2026,17:00,64,Partly cloudy
09/25/2026,18:00,62,Cloudy 
09/28/2026,9:00,61,Sunny
09/28/2026,11:00,66,Partly cloudy
09/28/2026,13:00,69,Sunny
09/28/2026,15:00,70,Sunny
09/28/2026,17:00,68,Sunny
09/29/2026,9:00,61,Sunny
09/29/2026,11:00,67,Sunny
09/29/2026,13:00,71,Sunny
09/29/2026,15:00,74,Partly cloudy
09/29/2026,17:00,72,Cloudy
09/30/2026,9:00,61,Rainy
09/30/2026,11:00,62,Rainy
09/30/2026,13:00,64,Rainy
09/30/2026,15:00,67,Rainy
09/30/2026,17:00,66,Rainy
10/01/2026,9:00,67,Cloudy
10/01/2026,11:00,69,Cloudy
10/01/2026,13:00,72,Rainy
10/01/2026,15:00,70,Rainy
10/01/2026,17:00,66,Rainy
10/02/2026,9:00,59,Sunny
10/02/2026,11:00,61,Sunny
10/02/2026,13:00,63,Sunny
10/02/2026,15:00,62,Sunny
10/02/2026,17:00,61,Sunny